s1,true_id,score,s_name,t_name,s_addr,t_addr,country
S1-816188357,S3-937288808,0.8999,Cascade Specialists LLC,Cascade LLC Specialists,"706 Silverstone Drive, Richardson, TX",,us
S1-985513208,S3-70243667,0.8998,BR Heartland Equity PC,BR Heartland Equity,"114-67 175 Street, Jamaica, NY","175 St, Jamaica, New York",us
S1-635712119,S2-431032624,0.8997,Certified Cdt,Certified Cdt,"2154 Vermillion Bay, Woodbury, MN",,us
S1-879439382,S2-464013018,0.8997,Allied Workshop Inc,Allied Workshop (Inc),"623 Morton Street, Newberg, OR",,us
S1-735126497,S3-502594666,0.8997,West Biopharma,West Biopharma,"2128 Village Estates Drive, Park City, KS",,us
S1-689775611,S3-921862820,0.8997,Whitlock Meridian,Whitlock Meridian,"MA, 29 Carp Road, Milford",,us
S1-597155196,S3-642663727,0.8997,Martinez & Latimore Pinnacle Inc,Martinez & Latimore Pinnacle,"85 Oconnor Street, Wellsville, NY",,us
S1-475839892,S2-479749092,0.8996,Niis Mountain Compania,Niis Mountain Coffiraa,"1 Oxbow Road, NY, Perinton",,us
S1-678068269,S3-27760470,0.8995,"Professional Engineering Advisors, LLC",Professional Engineering,"12 Leisure Trl Pk Road, Milford, ME","Leisure Trl Pk Road, Milford, Maine",us
S1-289335247,S2-277070251,0.8992,Matelski Ford Inc,MATELSKI FOAR [INC],"140 Main Avenue, Unit APT 15, Nitro, WV","WV, NITRO, 14 MAIN AVENUE",us
S1-215193911,S3-628172080,0.8989,Ember Products LLC,Ember Products,"405 Main Street, Westminster, SC","Main Street, Westminster, South Carolina",us
S1-337718016,S2-823616793,0.8987,Value Green Manulife Inc,Value Green Manulife Incorporated,"8619 110th Street, MO, Kansas City","08619 110th Street, KANSAS CITY, MO",us
S1-730113871,S3-609646517,0.8983,Classic Delta General,Classic General Services,"30983 Country Gardens, Unit 1, DE, Dagsboro","3098 Country Gardens, # 1, Dagsboro, Delaware",us
S1-752936923,S3-177344586,0.8978,Okeeffe and Winter Ltd,Limited Okeeffe And Winter,"4020 Babbling Brook Way, Unit 206, Charlotte, NC","04020 Babbling Brook Way, # 206, Charlotte, North Carolina",us
S1-496582135,S3-427830369,0.8977,Ear Nose & Throat Group,Ear Nóse & Throat Group,"1467 J Avenue, Council Grove, KS","1474 J Avenue, Council Grove, Kansas",us
S1-469968149,S2-553667674,0.8975,Ferryn Black LLC,Ferryn Bcohnk LLC,"304 Mcarthur Avenue, TN, Celina","104 MCARTHUR AVENUE, CELINA, TN",us
S1-368716248,S2-252873870,0.8972,Asencio's Fresh Grading,Asencio's Grading Center,"2246 257, Clyde, TX",,us
S1-352893864,S3-591248919,0.8969,Industrial Realty Dynamics LLC,Industrial Realty Dynamics LLC,"126 Halifax Avenue, Frederick County, VA","Stephens City, Virginia, Halifax Ave",us
S1-336440489,S3-32905640,0.8969,Sapphire Black LLC,Sapphire Black,"4750 Hillside Trail, Village Of Egg Harbor, WI","750 Hillside Trl, Village Of Egg Harbor, Wisconsin",us
S1-624769206,S2-1112387,0.8968,Kendricks's Occupational Therapy Inc,Kendricks's Occupational Inc Center,"1055 57, Schroeppel, NY","NY, 105 57, SCHROEPPEL",us
S1-154676216,S3-686157480,0.8966,Modern Financial International Inc,Modern Financial  International,"3111 Alice Avenue, Spokane, WA",,us
S1-707670784,S2-765616874,0.8966,C/N Iheartmedia Company,C/N  Iheartmedia,"18914 33rd Avenue, Seatac, WA",,us
S1-12680456,S3-757246177,0.8966,Bear and Smith,Bear And Smith Co,"Prince William County, VA, 9031 Woodpecker Court",,us
S1-51261494,S2-530976872,0.8956,Metropolitan Reliable Convertible LLC,Metropolitan Reliable Convertible,"Southern Pines, NC, 13 Lake Lane",,us
S1-354418950,S2-924271369,0.8956,"Harrison, Marje, D.C.","Harrison, Marje, D.C. Corp Corp","810 Washington Avenue, Des Moines, IA",,us
S1-9128838,S2-437870786,0.8955,Nedyne Legacy Leapfrog Company,Nedyne Legacy Company Leapfrog,"905 Lakeview Drive, Beverly, OH",,us
S1-692028161,S2-603557422,0.8953,Levins & Delacruz Research Inc,Levins + Delacruz Research Inc.,"2120 Dunavant Street, Unit 219, Charlotte, NC",,us
S1-239550259,S2-476767258,0.8948,Charlestown Hamilton Inc,Charlestown Hamilton Ínc,"6220 Kamer Court, Charlestown, IN","006220 KAMER CT, CHARLESTONW, IN",us
S1-949590612,S3-889644704,0.8946,A Cure 4 You Inc.,A Cure 4 You Incorporated,"140 Sweeney Road, Amherst County, VA","Sweeney Road, Amherst County, Virginia",us
S1-794056711,S2-697933702,0.8944,Ear Nose & Throat Frontier Care Associates,Ear Nose & Throat Frontier Care Associates Corporation Corporation,"265 Riverside Street, Unit OG17B, Lowell, MA","65 RIVERSIDE STREET, LOWELL, MA",us
S1-512608380,S3-887485023,0.8943,"Madonna H. Meza, DO","Partners Meza, DO Madonna","43 Barrel Street, Cameron, NC","43 Barrel Saint, N/A, Cameron, North Carolina",us
S1-365011306,S3-818047723,0.894,International Apparel Collective Inc,INTERNATIONAL APPAREL COLLECTIVE INC INC,"4805 Lucas Lane, New Albany, IN","2805 Lucas Ln, New Albany, Indiana",us
S1-926157060,S3-937730833,0.8936,Behavioral Health Group of Rogersville Inc,Behavioral Health Group of Rogersville-Incorporated,"104 Old Persia Road, Rogersville, TN","1 Old Persia Rd, Rogersville, Tennessee",us
S1-429830124,S3-604664079,0.8936,"Atlantic Point, Inc","Atlantic-Point,","10143 Valley Club Drive, Houston, TX","Valley Club Drive, Houston, Texas",us
S1-299737342,S2-293489746,0.8933,Fiix,Fx,"745 Rabbit Plain, Danville, VT","RABBIT PLAIN, DANVILLE, VT",us
S1-996720621,S2-621721242,0.8929,"Osborne, Noble & Powell","Osborne, Nalbe-and Powell","3549 Shiloh Road, Rio Rancho, NM",,us
S1-114040045,S3-233484840,0.8923,Metro Mozayyx LLC,... Metro Mozayyx LLC,"Spotsylvania County, 3612 Carolina Court, VA","612 Carolina Ct, Fredericksburg, Virginia",us
S1-528464349,S2-373187556,0.8914,"Saia, LLC","Saab, LLC","3016 Virginia Street, Paducah, KY","#3016 VIRGINIA STREET, PADUCAH, KY",us
S1-971614573,S3-675306687,0.8912,"Better Mountain Australian, Inc","Better Better Mountain Áustralian, Inc","277 Pachea Trail, UT, Cedar City","Pachea Trl, Cedar City, Utah",us
S1-438383951,S2-882497509,0.8911,Fort Dodge Sky Inc,Solbrix,"1707 2nd Avenue, Fort Dodge, IA","FORT DODGE, IA, 1707 2ND AVENUE",us
S1-541296785,S3-522267497,0.8911,Heart Alliance PC,>> Heart Alliance  PC,"Medina, 729 Main Street, NY","New York, Medina, 730 Main Saint",us
S1-430647472,S2-722771727,0.8905,Brooks Inpoint,Brooks  Inpoint,"424 402, Haleyville, AL",,us
S1-365011306,S3-385392682,0.8902,International Apparel Collective Inc,International Apparel Collective,"4805 Lucas Lane, New Albany, IN","2805 Lucas Ln, New Albany, Indiana",us
S1-450782608,S3-427451828,0.89,Certified Data Innovations L.L.C.,Certified Dat Innovations L.L.C.,"NC, Youngsville, 50 Cascade","Cascade, Youngsville, North Carolina",us
S1-105656562,S3-137581864,0.89,Boothe Energy of Ironton,Boothe Energy Of Ironton,"410 Vesuvius Street, Ironton, OH",,us
S1-761943137,S2-574899315,0.8897,Budaa Resources LLC,8udaa Resources,"686 Peterson Lake Cove, Collierville, TN","670 PETERSON LAKE COVE, TN, COLLIERVILLE",us
S1-351285722,S3-306103896,0.8889,Anchor Rocky Development,Anchor Rócky-Development,"216 Lorraine Court, Jacksonville, NC","1 Lorraine Ct, Jacksonville, North Carolina",us
S1-124249230,S3-881860647,0.8887,Ochoa Metro Concepts PC,Ochoa Mraetrmo Concepts [PC],"7605 Auto Club Road, Bloomington, MN","760 Auto Club Road, Bloomington, Minnesota",us
S1-257614958,S3-122568379,0.8885,Howley Abrdn Inc,Howley Abrdn [Ínc],"5267 Blue Pearl Alley, St George City, UT","526 Blue Pearl Alley, <NULL>, Saint George, Utah",us
S1-618426535,S2-406561438,0.8879,"Caldify Montage, Inc","CALDIFY MONTAGE, INC","1839 Chelsea Court, Atwater, CA",,us
S1-477843090,S3-313335948,0.8871,"Transcontinental Semiconductor Advisors, LLC","Transcontinental Semiconductor Advonsorros, LLC","395 Fork Road, Weirton, WV","Fork Road, Weirton, West Virginia",us
S1-131340185,S3-996829100,0.8871,"Genevieve Giffin, DPM, M.D., P.C.","Genevieve-Giffin, DPM, M.D., P.C.","2134 Gillwell Lane, Fuquay-varina, NC",,us
S1-167513161,S2-745064803,0.8867,Hans Better Home Care PLLC,HANS BETTER HOME CARE (P.L.L.C.),"79 Sherwin Drive, Tonawanda, NY","TONAWANDA, NY, 2 SHERWIN DRIVE",us
S1-278278605,S3-219910618,0.8867,Interstate Securities Corp,Interstate  Corp Center,"1522 Midway Drive, Rockford, IL","Midway Dr, Rockford, Illinois",us
S1-290492618,S3-773585211,0.8864,Tosasoft Better Mckinley,Tosasoft Better Mckinley Corp,"3215 Grizzly Avenue, Independence, MO","03215 Grizzly Ave, PMB 8117, Independence, Missouri",us
S1-903927550,S2-939857135,0.8861,ZG Energia LLC,Z6 Energia  LLC,"2440 Leota Road, Southside, AL","LEOTA ROAD, GADSDE CITY, AL",us
S1-528959759,S2-56764178,0.8855,Ceex LLC,LLC Ce,"19494 Greenbriar Drive, Washington County, VA","9494 GREENBRIAR DRIVE, WASHINGTON COUNTY, VA",us
S1-697380912,S3-331946473,0.8852,Salitech,Saotrehc,"3404 Argus Green Court, Columbus, OH","3404-B Argus Green Court, Columbus, Ohio",us
S1-148463401,S3-196289562,0.8849,Platinum Media,Platinum  Media Corp,"3231 Lexington Avenue, Kansas City, MO","003231 Lexington Ave, Kansas City, Missouri",us
S1-117264952,S2-324586005,0.8848,"Mendoza, Krysta B., DPM","Mendoza, Krysta","Kings Mountain, 205 Margaret Street, NC",,us
S1-912011511,S2-108807972,0.8845,Frontier Growth,The Frontier  Growth,"2800 Florida Street, Albuquerque, NM","NM, FLORIDA ST, ALBUQUERQUE",us
S1-634325391,S2-830651089,0.8835,Midwest Academy,Midwest Partners,"3131 Hickory Park Circle, Sugar Land, TX","131 HICKORY PARK CIR, SUGAR LAND, TX",us
S1-735126497,S3-549637437,0.8832,West Biopharma,westbiopharma.com,"2128 Village Estates Drive, Park City, KS","##2043 Village Estates Drive, Park City, Kansas",us
S1-100345356,S2-961424490,0.883,Cascade Program LLC,Cascade Program L.L.C.,"312 May Street, Lawrenceburg, TN, Unit C","0312 MAY ST, LAWRENCEBURG, TN",us
S1-457864354,S2-116900964,0.8829,Lumora Innovations,Lumora  Innovations LLC,"4308 Kimball Avenue, Chicago, IL","KIMBALL AVE, CHICAGOO CITY, IL",us
S1-629757669,S2-991562571,0.8828,Unified Medical Services LLC,unified medical services llc,"455 Eighth Street, Miamisburg, OH",,us
S1-81866997,S2-757013638,0.8826,Superior Hospitality Worldwide LLC,Superior Hospitality [Worldwide],"13 Matchwood, Pittsboro, NC",,us
S1-175562486,S2-963180695,0.8813,BX Equitable Group,BX Equitable #56004,"1200 Covington Way, Unit Apt 1613, Conway, AR","01200 COVINGTON WAY, CONWAY, AR",us
S1-842978391,S3-166121626,0.8811,Hohenstein Audio Installation,Xylobrixkor,"1679 Abbey Loop, Foley, AL","1679 Abbey Loop, <NULL>, Foley, Alabama",us
S1-54806607,S2-434451839,0.8809,Gabie's Interiors Partners,GABIE'S GABIE'S INTERIORS-PARTNERS INC.,"1112 Cherry Grove Road, Unit (ACCESS PO, Suffolk City, VA","1110 CHERRY GROVE RD, SUFFOLK, VA",us
S1-996184874,S2-700101132,0.8807,Stuart and Stout Boral LLC,@STUARTSTOUT,"2 Scheffel Lane, Ulster, NY","NY, KINGSTON, 2 SCHEFFEL LN",us
S1-362613397,S2-941455815,0.8805,Lous Manulife,Lous Mnalie #79028,"63 Cinnamon Way, Magnolia, DE","63 CINNAMON WAY, MAGNOLIA, DE",us
S1-343333923,S2-557700545,0.8805,Legacy Bluerock Inc,LEGACY BLUEROCK INC.,"7201 32nd Street, Unit 1042, Yuma, AZ",,us
S1-425911818,S2-256995361,0.8803,IIC Reit LLC,IIC Reit,"Malta, OH, 6234 Bankes Road","06234 BANKES RD, NULL, MALTA, OH",us
S1-482368309,S3-623934196,0.88,Red Cafe PLLC,Red Ce PLLC,"1 Sunrise Mall, Oyster Bay, NY","1 1/2 Sunrise Mall, Massapequa, New York",us
S1-661470994,S3-49258571,0.8794,K S & V Pegasus Inc,K S & V Pegasus,"3714 Southport Avenue, Chicago, IL","Southport Avenue, Chicao, Illinois",us
S1-116231671,S2-510169393,0.8792,Rozier and Schwab Co,Rozier and Schwab Co Services,"15 Old Albany Turnpike, Canton, CT",,us
S1-539862543,S2-466419169,0.8791,Buxbaum's Creative Grading,@BUXBAUMSCREATIVE,"221 10th Street, Cedar Falls, IA","321 TENTH STREET, CEDAR FALLS, IA",us
S1-36123912,S3-684174100,0.8789,Gaudin and Moore,Moore Gaudin and,"Middletown, 1525 Haystack Way, DE","Haystack Way, Middletown, Delaware",us
S1-640999861,S2-144193611,0.8783,Continental Animal Hospital,CONTINENTAL AEIOMCL-HOSPITAL,"CA, Carmichael, 6126 Oakgreen Circle","612 OAKGREEN CIRCLE, CARRMICHAEL, CA",us
S1-668134163,S2-780803484,0.8773,Santillan and Maliszewski Communities,Santillan and Maliszewski Service,"MD, 6 Bayview Court, Berlin",,us
S1-970636056,S2-479099312,0.8764,Islas and Shaw Arcelormittal LLC,ISLAS & SHAW,"583 Middle Verde Road, Unit Space 17, Camp Verde, AZ","83 MIDDLE VERDE RD, CAMP VERDE, AZ",us
S1-100331037,S3-957641696,0.8764,Painters Union Local No 370,Painters Union Local No 370 Corporation,"1016 Concord Court, Owings, MD","Concord Ct, Owings, Maryland",us
S1-627754178,S3-766650475,0.8755,Transcontinental Nutrition Works L.L.C.,Transcontinental Nutrition Works [L.L.C.],"20862 Rockingham Terrace, Loudoun County, VA","Rockingham Ter, Sterling Twonship, Virginia",us
S1-627512200,S2-630590407,0.8753,Innovative Financial Alliance LLC,Innovative Financial,"12011 Bissonnet Street, Houston, TX","Bissonnet Street, TX, HOUSTON",us
S1-345023214,S3-460052893,0.8747,Lyrial Finance LLC,Lyrial LLC Center,"3605 Blowing Rock Boulevard, Lenoir, NC","Blowing Rock Boulevard, Lenoir, North Carolina",us
S1-685742059,S3-588343986,0.8742,American Learning Center,American Learning  Centre,"715 Cowboys Parkway, Unit 2039, Irving, TX","71 Cowboys Parkway, # 2039, Irving, Texas",us
S1-35559313,S2-827210076,0.8737,Klopp Group,Klopp Group Services,"Mobile, AL, Unit 53, 551 Village Green Drive",,us
S1-271441614,S3-633678664,0.8736,Gomez Wireless LLC,Gomez Wieesgs-LLC,"48 Glenn Street, Unit 16, Atlanta, GA",,us
S1-773635594,S3-155913698,0.8735,Auron Beauty,Auron Beauty  Co,"Layton, 749 Colonial Avenue, UT","Colonial Ave, Layton, Utah",us
S1-57427813,S3-8703737,0.8729,Tea Elm,Tea Elm Elm,"1202 Bridgewater Drive, Durham, NC","Bridgewater Dr, PMB 9915, Durham, North Carolina",us
S1-230935353,S3-193774443,0.8728,Mack Telefonica Inc.,Mack Inc. Services,"210 Market Street, New Albany, IN","Market St, New Albany, Indiana",us
S1-554532656,S3-14477925,0.8727,Creative Marine Associates Inc.,*** Amcreative.Com,"14108 Sargent Avenue, Galt, CA","California, 0014108 Sargent Avenue, Galt",us
S1-568381384,S3-738942208,0.8726,Urology Associates Inc.,Urology-Associates,"134 Luther Drive, Mars Hill, NC","Luther Drive, Mars Hill, North Carolina",us
S1-736791687,S2-356232878,0.8721,"Bay Grill, Inc.","Inc. Bay Grill,","3609 Clara Drive, Melissa, TX","362 CLARA DR, null, MELISSA, TX",us
S1-753652821,S3-745848598,0.872,Zephiq Vertical LLC,Zephiq Zephiq Vehtrsal-LLC,"63 Marion County 7082, Flippin, AR","063 Marion County 7082, Flippin CIY, Arkansas",us
S1-675705001,S2-801507150,0.872,Miguela Custer Express Proem LLC,Miguela Custer Express Proem,"VA, 4209 Smithdeal Avenue, Richmond City","SMITHDEAL AVE, RICHMOND, VA",us
S1-453736114,S2-92204383,0.8718,North Gravity,Fayecalowex,"Seattle, 11240 12th Avenue, WA","11240 12TH AVE, SEATTLE, WA",us
S1-186147047,S3-57331290,0.8714,Miranda & Martinez L.L.C.,Miranda & Martinez,"4911 Forsythia Falls Loop, Fl 1, Columbia, MO","Floor 1, 911 Forsythia Falls Loop, Columbia, Missouri",us
S1-391420141,S2-255287548,0.8711,Pediatric Dentistry Trusted Group,PEDIATRIC DENTISTRY TRUSTED,"1924 Babcock Avenue, City Of Cumberland, WI","192 BABCOCK AVENUE, CITY OF CUMBERLAND, WI",us
