s1,fp_id,score,s_name,t_name,s_addr,t_addr,country
S1-982258864,S3-798741602,0.9996,Dunham Elite Eco Inc.,Dunham Elite Eco Inc,"113 Weber Avenue, Unit Apartment 1, Herkimer, NY","Unit Apartment 1, 0122 Weber Avenue, Herkimer Township, New York",us
S1-938596240,S2-804846981,0.9995,Cornerstone Hospitality Technologies Inc,Cornerstone Hospitality Technologies  Inc,"2500 Godman Avenue, Muncie, IN","MUNCIE, IN, 2500 KILGORE AVE",us
S1-938596240,S2-290095501,0.9994,Cornerstone Hospitality Technologies Inc,Inc Cornerstone Hospitality Technologies,"2500 Godman Avenue, Muncie, IN","2500 KILGORE AVE, MUNCIE, IN",us
S1-945084907,S2-793755475,0.9993,VWQ Brookfield PC,VWQ BROOKFIELD INC.,"132 Hotchkiss Grove Road, Branford, CT","132 HOTCHKISS GROVE RD, BRANFORD, CT",us
S1-272051550,S3-498997377,0.9991,Ivenos Machine Works Inc.,Ivenora  Machine Works,"13727 Fossil Drive, Carmel, IN","13727 Fossil Dr, Carmel, Indiana",us
S1-919536214,S2-249838115,0.9986,Shay Bala Battery LLC,Shay Bala Battery Eastgate Llc,"424 Tala Drive, Concord, NC","424 TALA DR, CONCORD, NC",us
S1-938596240,S3-325271164,0.9985,Cornerstone Hospitality Technologies Inc,Cornerstone Hospitality Technologies,"2500 Godman Avenue, Muncie, IN","2500 Kilgore Avenue, Indiana, Muuncie",us
S1-805611150,S3-509037605,0.9985,Pioneer Nutrition Partners LLC,Pioneer Nutrition Partners Inc.,"600 Brentwood Boulevard, Unit UNIT 4, Saint Louis, MO","600 Brentwood Boulevard, Unit UNIT 4, St Louis, Missouri",us
S1-131340185,S3-572224495,0.9984,"Genevieve Giffin, DPM, M.D., P.C.","Giffin,, Genevieve DKM, M.D., P.C.","2134 Gillwell Lane, Fuquay-varina, NC","North Carolina, Fuquay Varina, 2134 Gillwel Ln",us
S1-938596240,S2-274456949,0.9983,Cornerstone Hospitality Technologies Inc,Cornerstone Hospitality Téchnologies Inc. Inc.,"2500 Godman Avenue, Muncie, IN","2500 Kilgore Avenue, MUNCIE, IN",us
S1-244531832,S3-929408741,0.9979,Orbelle Aspen Associates,Orbellea Aspen Associates,"760 Robin Way, Gresham, OR","760 Robin Way, Gresham, Oregon",us
S1-938596240,S3-460346195,0.9978,Cornerstone Hospitality Technologies Inc,Cornerstone Hóspitality Technologies Technologies Inc.,"2500 Godman Avenue, Muncie, IN","2500 Kilgore Avenue, Muuncie, Indiana",us
S1-264989002,S3-462736028,0.9975,"N 2 Premier Property Solutions, LLC","N 2 Premier Property Solutions Downtown,","76 1/2 Main Street, Unit Apartment 2, Geneseo, NY","76 1/ Main St, # Apartment 2, Genseo, New York",us
S1-896224661,S3-792057153,0.9974,East Keystone Street,Corp East Keystone Street,"1901 Covington Avenue, Unit 25~28, Piqua, OH","# 25~28, Piqua, 1901 Covington Avenue, Ohio",us
S1-754755695,S3-471122065,0.9972,Montis Light Associates,MONTIZ LIGHT ASSOCIATES,"Melissa, 3314 Sequoia Lane, TX","3314 Sequoia Lane, Meilssa CITY, Texas",us
S1-371515864,S3-714253070,0.9966,Charleston Vision Ace Physicians LLC,Charleston Vision Ace Physícians Corp (ID: 83570),"5322 1/2 Church Drive, Charleston, WV","West Virginia, Charleston, 5322 1/ Church Dr",us
S1-713271719,S2-54893596,0.9965,Quantiq Towing Center,quantuq towing center,"114 Mather Street, Clarksville, IA","114 MATHER ST, CLARKSVILLE, IA",us
S1-397215397,S2-281206748,0.9964,Brandie Maziarz Atlantic Rocky Inc.,Brandie Maziarz Atlantic Rocky Inc,"WV, 2442 Trace Fork, Branchland","2446 TRACE FORK, BRANCHLAND, WV",us
S1-941746213,S2-621948919,0.9955,Guevara Capital Inc.,Guevara Capital Inc,"2151 Nashville Road, Franklin, KY","2152 NASHVILLE RD, FRANKLIN, KY",us
S1-460393961,S2-236440950,0.9947,Orthopedic Strategic Care Inc.,Orthopedic Strategic Care Inc,"1156 Valley View Drive, Hurst, TX","1157  VALLEY VIEW DR, HURST, TX",us
S1-761917879,S3-392582292,0.9946,Vantyx Therapy,VANTYKS THERAPY,"244 Lorenz Avenue, Dayton, OH","244 Lorenz Ave, Ohio, Dyton",us
S1-770703087,S3-213292312,0.9944,Essy Gaines Wen LLC,Wang Gaines  Wen LLC,"Fayetteville, 820 Orange Street, NC","820 Orange St, Fayetteville, North Carolina",us
S1-953460078,S3-520236221,0.9944,Clyova River,Clyovayn River LLC,"21206 Clare Avenue, Maple Heights, OH","Maple Heights, 21206 Clare Ave, Ohio",us
S1-768125245,S2-562139388,0.9941,Halcis Muniholdings Ltd,Halcus Muniholdings (Ltd),"561 Mill Landing Road, Chesapeake City, VA","561 MILL LANDING RD, CHESAPEAKE CITY, VA",us
S1-869733808,S2-694263332,0.9938,Pefloor Supreme Btc Inc.,Veradelta Supreme Btc,"47 Winter Street, Portland, ME","47B WINTER STREET, PORTLAND, ME",us
S1-552727708,S2-743689186,0.9937,Santana's Audio Installation Inc.,Inc Santana's Audio Installation,"429 Barnes Road, Bakersfield, VT","450 BARNES ROAD, BAKERSFIELD, VT",us
S1-938596240,S2-68213920,0.9936,Cornerstone Hospitality Technologies Inc,Cornerstone Hospitality,"2500 Godman Avenue, Muncie, IN","2500 KILGORE AVE, MUNCIE, IN",us
S1-671818761,S3-994248540,0.9931,Novos Bnb LLC,Novosa Bnb LLC,"Atlanta, GA, 2130 Bolling Brook Drive","2130 Bolling Brook Dr, Atl, Georgia",us
S1-843468457,S2-240621061,0.9931,XS Canary Inc,Duarte Canary Inc,"VA, 16476 Locust Hill Drive, Hanover County","16476-B LOCUST HILL DRIVE, ROCKVILLE, VA",us
S1-999138718,S2-812686863,0.9929,Primary Care Physicians Inc.,Primary Care Physicians Inc.,"7451 Pleasant Hollow Road, TX, Tyler","7456 PLEASANT HOLLOW ROAD, TYLER, TX",us
S1-20335897,S2-632980636,0.9929,Olanay Power LLC,Olaniy Power (LLC),"7702 Fanwood Court, District Heights, MD","7702 FANWOOD CT, DISTRICT HEIGHTS, MD",us
S1-55937961,S3-143231918,0.9927,Davis Dental Associates Inc,Luckie Dental Associates-Inc,"Tolleson, 10923 Lower Buckeye Road, AZ","10923 Lower Buckeye Rd, Arizona, Tolleson",us
S1-505704553,S3-270432511,0.9922,Hein Columbia LLC,Rupp  Columbia,"1509 Arthur Drive, Warren, OH","Warren, 1509 Arthur Driae, Ohio",us
S1-111170011,S3-62997806,0.992,Sharkey Highland Royalties,Harrison Highland Royalties Corp,"7732 Timbers Edge, Waterville, OH","7732-7734 Timbers Edge, Waterville Township, Ohio",us
S1-875588961,S3-76445360,0.992,Jenni Arriaga Mozayyx Inc,Cooper Arriaga Mozayyx,"Hastings-on-hudson, 17 Cedar Street, NY","17 Cedar St, Hastings-On-Hudson, New York",us
S1-44665225,S2-240368901,0.9919,Thompson Optimal Pacific,Macias  Optimal Pacific,"OH, Gates Mills, 999 Chestnut Run","999 CHESTNUT RUN, GATES ILLS CITY, OH",us
S1-428736982,S3-588814383,0.9919,Clyora Mercator,Clyoraer Mercator,"1557 Lake O'pines Street, Hartville, OH","1557 Lake O'Pines St, Lake Twp, Ohio",us
S1-25571518,S3-833880980,0.9917,Carbajal International,Carbajal International Uptown LP,"320 490, Unit 7007, Salt Lake City, UT","341 490, Salt Lake City, Utah, # 7007",us
S1-232084304,S3-281436815,0.9916,Guevara Worldwide LLC,Guevara Worldwide Corp,"Unit Apartment 205, Fargo, ND, 4670 33rd Avenue","4679 33rd Ave, Unit Apartment 205, Fargo, North Dakota",us
S1-205750010,S3-295720908,0.9915,Pasonon Gulf Connecticut Inc,Onyxlum Gulf Connecticut,"1714 Nicholas Place, City Of River Falls, WI","City Of River Falls, 1714 Nicholas Place, Wisconsin",us
S1-716706558,S3-569483386,0.991,Le Group Group,Charbonneau Group,"5020 126th Street, Marysville, WA","5020 126th Saint, Marysville, Washington",us
S1-563038148,S3-629533768,0.991,Clyari Mines,Clyaru Mines,"115 Cheers Place, Sioux Falls, SD","115 Cheers Pl, Sioux Falls, South Dakota",us
S1-11910817,S2-915885400,0.9907,Hawkins Keystone Group,Carter Keystone Group,"34 A Shattuck Street, Pepperell, MA","34 A SHATTUCK STREET, PEPPERELL, MA",us
S1-57427813,S3-327917773,0.9906,Tea Elm,Avivera Elm,"1202 Bridgewater Drive, Durham, NC","1202 Bridgewater Drive, Durham, North Carolina",us
S1-959626363,S3-640103508,0.9904,Bright Exchange Inc,Bright Exchange Group,"10 1/2 Amsbry Street, Binghamton, NY","10 1/15 Amsbry Street, Binghamton, New York",us
S1-955176061,S3-18733987,0.9902,Dorry Esteban Strategic Royalty P.C.,Dorry Esteban Strategic Security Services P.C.,"76-59 265 Street, New Hyde Park, NY","76-63a 265 St, New Hyde Park, New York",us
S1-858471526,S2-168530534,0.9899,Drayeon Pharmaceuticals LLC,(LLC) Drayean Pharmaceuticals,"4031 52nd Place, Seattle, WA","#4031 52ND PL, SEATTLE, WA",us
S1-98769527,S2-275558056,0.9898,"Lukes, Hernandez and Gillum Life LLC","Martinez, Hernandez and Gillum Life LLC","7457 Buckview Court, Kernersville, NC","7457 BUCKVIEW COURT, KERNERSVILLE, NC",us
S1-378171987,S2-30038984,0.9894,Garcia Residential Company,Holly Résidential Company,"1532 Nupp Drive, Wooster, OH","1532 NUPP DR, OH, WOOSTER",us
S1-445699279,S3-601291716,0.9892,Board of Education,Board of Éducation Downtown,"1356 Private Road 338, Unit 1356, Denver City, TX","1363 Private Road 338, Unit 1356, Denver City, Texas",us
S1-36594374,S3-862315382,0.9883,Keystone Royal Precision,LLC Keystone Royal Pcrhaison,"1249 Westchester Boulevard, Westchester, IL","1253 Westchester Blvd, Westchester, Illinois",us
S1-630653523,S2-972049444,0.9877,Behavioral Health Frontier Associates LLC,Behavioral Health  Frontier Associates Co,"6445 Calle Vista Drive, City Of El Paso, TX","CITY OF EL PASO, 6447 CALLE VISTA DRIVE, TX",us
S1-50945764,S3-923880275,0.9877,Great Guild of Greencastle Inc,Zetaquo Guild of Greencastle Inc,"319 Redbud Lane, Greencastle, IN","319 Redbud Lane, Greencastle, Indiana",us
S1-862823273,S2-779330210,0.9877,Houston Pediatric Dentistry Care,Pediatric Dentistry Delta-Care LLC,"11422 El Diamante Drive, Houston, TX","11422 OVERLAND TRAIL DRIVE, RICHMOND, TX",us
S1-812185640,S2-729947142,0.9875,Marty Diana Value Financial Inc,Mcleod Diana Value Financial Incorporated,"3125 Eldredge Avenue, South Salt Lake City, UT","3125 ELDREDGE AVENUE, SALT LAKE CITY, UT",us
S1-823375904,S2-235332043,0.9872,Miceli Dental Associates LLC,Coleman Dental Associates,"7965 1110, Jackson, KY","##7965 1110, JACSKON, KY",us
S1-313680371,S2-775315321,0.9871,Velsoft Equity Partners,VIOLUM EQUITY PARTNERS CO,"270 North Drive, Fl 0, Severna Park, MD","270 NORTH DR, SEVERNA PARK, MD",us
S1-88862468,S2-680644371,0.9867,Interfaith Trust V,KORVIO TRUST V LP,"765 Rutgers Road, Hempstead, NY","765 RUTGERS RD, HEMPSTEAD, NY",us
S1-244807880,S3-259682924,0.9865,GH Clear Water LLC,Lackey Clear Water LLC,"NC, Randleman, 232 Windsor Place Circle, Unit C","232- Windsor Place Cir, # C, Randleman, North Carolina",us
S1-896224661,S3-386368651,0.9859,East Keystone Street,East Street Co Center,"1901 Covington Avenue, Unit 25~28, Piqua, OH","1901 Covington Ave, Unit 25~28, Piqua, Ohio",us
S1-34000516,S2-159931372,0.9858,Halloran Creative Pinnacle LLC,Halloran Creative Pinnacle [LLC],"3516 Sunrise Pines Drive, Rancho Cordova, CA","2590 CAPITALES DRIVE, RANCH CORDOVA CITY, CA",us
S1-684507125,S2-527421943,0.9854,"Thompson, Schuster & Thompson Inc.","Thompson, Schuster & Thompson Inc","3037 Court Avenue, Claymont, DE","3044 COURT AVENUE, CLAYMONT, DE",us
S1-357523500,S3-354182551,0.9853,North Preferred Industries Inc,Optimal Industrial,"894 Willman Road, Talladega, AL","Alabama, Talladega, 894 Willman Rd",us
S1-385118426,S3-383253094,0.9848,Glyphyn Agriculture,Glyphex Agriculture,"382 Main Street, Mount Pleasant, NC","382 Main St, Mt Pleasant, North Carolina",us
S1-335542131,S3-718324630,0.9845,MP Midland Inc,Thibeau Midland,"237 Beardstown Street, Unit 4, Virginia, IL","237- Beardstown Street, Unit 4, Virginia, Illinois",us
S1-723631655,S3-770496020,0.9842,Halcex Liberty Center,Halceks Liberty Center LLC,"11418 Railroad Lane, Spotsylvania County, VA","011418 Railroad Ln, Spotsylvania County, Virginia",us
S1-302916445,S3-792157482,0.9841,Timm Continental Amc Partners,Gonzalez Continental Amc (Partefs),"Louisville, 10909 Nagel Ct, KY","Louisville, 10909- Nagel Ct, Kentucky",us
S1-59715399,S2-364492964,0.9839,Simon Bnb of Seattle LLC,Haberman Bnb of  Seattle LLC,"1829 29th Avenue, Seattle, WA","829 29TH AVE, SEATTLE, WA",us
S1-922440028,S3-743335642,0.9825,Williams Bio LLC,Ellzey LLC Bio,"114-70 198 Street, Saint Albans, NY","114-70 198 Street, Saint Albans, New York",us
S1-285340513,S3-564530221,0.9823,Garcia Digitalbridge Inc,Welch  Digitalbridge Inc,"3016 153rd Drive, Fl 1, Beaverton, OR","3016 153rd Drive, Fl 1, Beaverton, Oregon",us
S1-493663995,S3-270173796,0.9809,Nelson & Mercer Bioworks,Nelson & Mercer Bioworks Westgate Co,"Unit 5-304, 8555 Evans Avenue, Four Square Mile, CO","8560 Evans Ave, Unit 5-304, Denver, Colorado",us
S1-369322095,S2-228449822,0.979,Envois,ENVOIS LLC,"3327 Ave P 1/2, Galveston, TX","GALVESTON, 3329. AVE P 1/2, TX",us
S1-913785655,S2-743911040,0.978,Ember Inc.,EMBER INC,"401 Cedar Grove Road, Loudon, TN","WINFILED, 587 PLEASANT GROVE ROAD, TN",us
S1-603877911,S3-609459198,0.9767,Certified Dave LLC,Certified Dave Holdings,"12399 Co Rd 13, Unit 95 1/2, Wauseon, OH","12401 Co Rd 13, Unit 95 1/2, Chesterfield Twp, Ohio",us
S1-843409553,S2-665994287,0.9757,3-Point,3-Point Group,"2100 UNIT#53 Blanco Boulevard, Bloomfield, NM","2100 UNIT#66 BLANCO BLVD, BLOOMFIELD, NM",us
S1-381054640,S2-300010712,0.9754,Corner Pilates LLC,Corner Pizza! LLC,"5282 Canyon Way, Tucson, AZ","5282 KNIGHT DR, TUCSON, AZ",us
S1-708079337,S2-829035788,0.9747,Youth Project,ZETALUM ZETALUM PROJECT,"2485 St Rte 140, Wheelersburg, OH","2485 ST RTE 140, WHEELERSBURG, OH",us
S1-733785158,S3-1507207,0.9741,Peak Hospitality Enterprises LLC,Peak  Hospitality Ltd Services,"905 -209 Barberton Court, Virginia Beach City, VA","905 -230 Barberton Court, Virginia Beach City, Virginia",us
S1-887075949,S2-494076535,0.9738,Liberty Alliance,Nexvera A1liance,"1268 Buenos Aires, Sahuarita, AZ","1268 BUENOS AIRES, SAHUARITA, AZ",us
S1-313801731,S2-493892468,0.9737,Alisa's Cascade Hair Studio LLC,HALE CAHSCAMCDE  HAIR STUDIO LLC,"430 Corvair Drive, Lake Havasu City, AZ","430 CORVAIR DRIVE, LAKE HAVASU CITY, AZ",us
S1-133754898,S2-547297823,0.9722,Bright Financial Technologies,Bright Financial Technology Partners,"151-62 26 Avenue, Flushing, NY","151-63 26 AVENUE, FLUSHING, NY",us
S1-324109592,S3-825387589,0.9716,Regional Range LLC,Regional  Range Group,"AZ, 3815 16th Street, Phoenix, Unit 1330","3822 16th Street, # 1330, Phoenix CTY, Arizona",us
S1-88872144,S2-476044477,0.9713,Peters Barclays LLC,Peters Painting LLC,"7 Beresford Lane, Mamaroneck, NY","8 BERESFORD LANE, MAMARONECK, NY",us
S1-302009810,S2-460700846,0.9712,Sterling Creative LLC,STERLING-CENTER,"17 Woodbine Avenue, Northampton, MA","17 KENSINGTON AVE, NORTHAMPTON, MA",us
S1-268355673,S3-538312952,0.9705,Zack Holdings,Zack Hospitality,"801 Harris Street, Unit 801, Spur, TX","808 Harris St, # 801, Spur, Texas",us
S1-928881988,S3-852771566,0.9696,Tildy Bronner Anchor House LLC,*** Miranda Bronner Ánchor [House],"2502 Lawndale Avenue, Chicago, IL","Illinois, 2502 1/2 Lawndale Avenue, Chicago",us
S1-462425186,S2-177632083,0.9688,Eye Group,Eye  Group,"2825 Adams Street, South Salt Lake City, UT","UT, SOUTH SALT LAKE CITY, 404 2700",us
S1-550760243,S3-722807471,0.9684,Optimal Encore Partners,Optimal Encore Partners Partners,"43 Arlington Street, Unit 1, Boston, MA","50 Arlington Street, Unit 1, Boston, Massachusetts",us
S1-85390769,S3-440061706,0.9684,Shaw Insight PC,Allsop Insight Ínc,"627 Bayshore Place, Dallas, TX","627-631 Bayshore Place, Dallas, Texas",us
S1-775512075,S2-888069743,0.9682,Quantify Services,Quantifyyn Sliifs,"Chicago, IL, 4343 Kilpatrick Avenue","CHICAGO, IL, 343 KILPATRICK AVE",us
S1-892906665,S2-88165219,0.967,EFH Custom Amc Inc,EZFH Custom,"564 Mulberry Avenue, Rialto, CA","564 MULBERRY AVENUE, RIALTO, CA",us
S1-989663002,S3-680564233,0.9668,Steelworkers Local Union 314,Steelworkers Lla Union 314 Co,"8 Tree Top Terrace, Smithtown, NY","New York, ##19 Tree Top Ter, Smithtown",us
S1-463533681,S2-796218228,0.9657,Lalina Green Biotechnology,Lalina Grene Biotechnology Inc,"60 Hillcrest Drive, Clinton, IL","73 1/2 HILLCREST DR, CLINTON, IL",us
S1-982393401,S2-150076038,0.9647,"Langford, Romo and Ramsey","Langford, Romo and Ramsey","104 Front Street, Mcneil, AR",,us
S1-632130642,S3-323140363,0.9644,Babita's Bay Solutions,Babita's Bay Soltions LLC,"2776 Columbus Avenue, Columbus, OH","02780 Columbus Ave, NULL, Columbus, Ohio",us
S1-620452880,S3-730466759,0.9639,"Cavanaugh, Almond & Gallegos, LLC","Cavanaugh, Anlbd & Gallegos, Corp","Village Of Fox Crossing, WI, 724 Beverly Court","745 Beverly Court, Village Of Fox Crossing, Wisconsin",us
S1-112527146,S2-823437611,0.9623,Malena Lynn Anchor Usa L.L.C.,Malena Lynn Anchor Usa LLC,"3938 11610E Road, Pembroke Township, IL","3945-3947 11610E RD, PEMBROKE TOWNSHIP, IL",us
S1-687615009,S3-876544401,0.962,Animal Welfare Ministries,Veraquo  Ministries,"1828 Lakewood Circle, Fl 1, Olympia, WA","1828 Lakewood Cir, Floor 1, Olyympia, Washington",us
S1-748984549,S3-999302161,0.9614,Indianapolis Community Services LLC,Indianapolis Cómmunity Services Inc,"901 Livingston Avenue, Indianapolis, IN","04 Livingston Ave, Indianapolis, Indiana",us
S1-77662166,S3-730534359,0.9611,Halcara Keycorp,Halkara Services,"3241 Oro Grande Boulevard, Lake Havasu City, AZ","3241 Oro Grande Blvd, Lake Havasu City, Arizona",us
